{
  "metadata": {
    "timestamp": "2026-04-15T05:32:15Z",
    "git_sha": "0c7ebdc",
    "benchmark_id": "retrieval-bench-tiers-v1"
  },
  "result": {
    "slice_id": "spy-bull-2016-2019",
    "arm_id": "tier1_plus_full",
    "arm_label": "Tier 1 + Tier 2 (current default \u2014 9 methods)",
    "n_trials": 8,
    "forward_return_correlation": 0.5696062862835574,
    "crps": 0.02846081270772966,
    "calibration_error_p10_p90": 0.30000000000000004,
    "hit_rate": 0.75,
    "runtime_seconds": {
      "median": 5.061185312501038,
      "mean": 5.123540203254379,
      "p95": 6.3893125915448765,
      "n": 8
    },
    "trials": [
      {
        "match_forward_returns": [
          -0.017144971196025538,
          0.002945013979496647,
          0.0007194628011086834,
          -0.011856719782644576,
          -0.02952168676055067,
          0.029671286513706985,
          0.09237273881951746,
          0.022114661970409122
        ],
        "quantile_forecast": {
          "10": -0.018437791444418164,
          "25": -0.010888816486201203,
          "50": 0.007602540385849314,
          "75": 0.01977913910847987,
          "90": 0.05890427771832353
        },
        "realised_forward_return": 0.02167623712622757,
        "runtime_seconds": 3.1772042920056265
      },
      {
        "match_forward_returns": [
          -0.03422597737362165,
          -0.008749024406694783,
          0.03868027871009061,
          -0.02952168676055067,
          -0.06641457097757963,
          0.0008586829465566659,
          0.01670266456245062,
          0.03422915996137754,
          0.012830119016592922,
          0.057451375788720505
        ],
        "quantile_forecast": {
          "10": -0.05127302044584961,
          "25": -0.020489239657304256,
          "50": -0.00024332325561840723,
          "75": 0.026608626703679965,
          "90": 0.047996774675859714
        },
        "realised_forward_return": 0.05289780453870141,
        "runtime_seconds": 4.686099749989808
      },
      {
        "match_forward_returns": [
          0.01670266456245062,
          -0.0054758836397657,
          -0.03854613416470454,
          -0.04013390051723298,
          -0.015093519990820092,
          -0.05068457298022344,
          -0.02521275979852955,
          0.021768011775275653,
          0.00305366332827961,
          0.008027216697465311
        ],
        "quantile_forecast": {
          "10": -0.0397199722968527,
          "25": -0.035036444725676436,
          "50": -0.007089247844311503,
          "75": 0.009642755023935625,
          "90": 0.023432921087732032
        },
        "realised_forward_return": -0.0915818121905676,
        "runtime_seconds": 5.436270875012269
      },
      {
        "match_forward_returns": [
          0.022377342106142173,
          -0.006338371526084852,
          -0.017144971196025538,
          0.01752031358260364,
          0.04498534471772664,
          -0.0017772678443876977,
          0.07952876694380917,
          0.03402952390641878,
          0.02073185254072918
        ],
        "quantile_forecast": {
          "10": -0.011843385390826373,
          "25": 0.0006632699171394661,
          "50": 0.020502074087978005,
          "75": 0.043352044727998064,
          "90": 0.06113751535725559
        },
        "realised_forward_return": 0.03369061943290563,
        "runtime_seconds": 4.566720792005071
      },
      {
        "match_forward_returns": [
          0.03604283645866446,
          0.00610390627622559,
          0.04762544953450076,
          0.015298086690711088,
          0.019214056206949603,
          0.04365746878028687,
          -0.0016626512403695726,
          0.019389993631024005,
          0.03500906573333218,
          0.03913364732120583
        ],
        "quantile_forecast": {
          "10": 0.004504307148985757,
          "25": 0.02007312936607809,
          "50": 0.030826999944151705,
          "75": 0.039661520360161434,
          "90": 0.04824417589068899
        },
        "realised_forward_return": -0.004027158922130347,
        "runtime_seconds": 6.525213624991011
      },
      {
        "match_forward_returns": [
          -0.0013143563560159555,
          0.035573720859824354,
          -0.08723297290169452,
          -0.08076413615428546,
          0.008775647043046675,
          -0.022055847834884568,
          0.02073185254072918,
          -0.0011708735949517157,
          0.025723120837297886,
          -0.0915818121905676
        ],
        "quantile_forecast": {
          "10": -0.10545925469463072,
          "25": -0.07742152695965303,
          "50": 0.001298389730815113,
          "75": 0.01919374198697548,
          "90": 0.031053081823547823
        },
        "realised_forward_return": 0.0013837467261219594,
        "runtime_seconds": 6.136924958002055
      },
      {
        "match_forward_returns": [
          -0.011856719782644576,
          0.026441951267730968,
          -0.026510222298699815,
          0.004341425950420197,
          -0.005881880703256681,
          0.09237273881951746,
          0.025985294531932324,
          0.0290276394083413
        ],
        "quantile_forecast": {
          "10": -0.02739855865690364,
          "25": -0.000890112605391429,
          "50": 0.015967943884111477,
          "75": 0.04177212181328336,
          "90": 0.063277202696308
        },
        "realised_forward_return": 0.004281069016604855,
        "runtime_seconds": 4.3631008340162225
      },
      {
        "match_forward_returns": [
          0.04727791227631828,
          0.017828403631831247,
          0.04096167531872874,
          0.04498534471772664,
          0.0500023885108285,
          -0.0005762947048029154,
          0.010411185597859918,
          0.008061486896472125,
          0.029335712869323904,
          0.030220983824895242
        ],
        "quantile_forecast": {
          "10": 0.008427226670396705,
          "25": 0.013068240309281918,
          "50": 0.026709548330478228,
          "75": 0.04268908457740103,
          "90": 0.05204084625840856
        },
        "realised_forward_return": 0.09676707881375735,
        "runtime_seconds": 6.096786500012968
      }
    ]
  }
}