{
  "metadata": {
    "timestamp": "2026-04-15T05:31:34Z",
    "git_sha": "618f92a",
    "benchmark_id": "retrieval-bench-tiers-v1"
  },
  "result": {
    "slice_id": "spy-bull-2016-2019",
    "arm_id": "tier1_only",
    "arm_label": "Tier 1 only (SAX+MASS \u2192 DTW + Pearson)",
    "n_trials": 8,
    "forward_return_correlation": 0.931317027411741,
    "crps": 0.027084559740438302,
    "calibration_error_p10_p90": 0.050000000000000044,
    "hit_rate": 0.875,
    "runtime_seconds": {
      "median": 0.47751631248684134,
      "mean": 0.4497891616265406,
      "p95": 0.6602286124994862,
      "n": 8
    },
    "trials": [
      {
        "match_forward_returns": [
          0.06573477363020941,
          0.013167422326690215,
          0.029671286513706985,
          0.02111869607755934,
          0.009820749592612588,
          0.002945013979496647,
          -0.02952168676055067
        ],
        "quantile_forecast": {
          "10": -0.01380009943475404,
          "25": 0.009731378436309319,
          "50": 0.01500429573480495,
          "75": 0.026602342165779582,
          "90": 0.056364874011446735
        },
        "realised_forward_return": 0.02167623712622757,
        "runtime_seconds": 0.1744157090142835
      },
      {
        "match_forward_returns": [
          0.012830119016592922,
          0.04726060459783987,
          0.05975883087560274,
          0.03422915996137754,
          0.04246688161491563,
          0.057451375788720505,
          -0.02952168676055067,
          -0.0045955033346265495,
          -0.00575871489730706,
          0.005069425446505793
        ],
        "quantile_forecast": {
          "10": -0.014752329350782363,
          "25": -0.004032979366719088,
          "50": 0.02225541346854868,
          "75": 0.0479313242111544,
          "90": 0.05543901732449176
        },
        "realised_forward_return": 0.05289780453870141,
        "runtime_seconds": 0.6526669999875594
      },
      {
        "match_forward_returns": [
          -0.011856719782644576,
          0.06615750970759238,
          -0.05068457298022344,
          0.029183093628174506,
          0.008027216697465311,
          -0.03854613416470454,
          -0.02521275979852955,
          -0.0054758836397657,
          0.008701016200772793
        ],
        "quantile_forecast": {
          "10": -0.040348333555329796,
          "25": -0.0351582652293929,
          "50": -0.0031427020016294373,
          "75": 0.021486429081777843,
          "90": 0.051338895234447325
        },
        "realised_forward_return": -0.0915818121905676,
        "runtime_seconds": 0.5517929999914486
      },
      {
        "match_forward_returns": [
          0.07952876694380917,
          0.02649900003773431,
          0.0348474664874352,
          0.040281006537949304,
          -0.017144971196025538,
          -0.014083240309175293,
          0.04498534471772664,
          -0.006338371526084852,
          0.03402952390641878,
          0.005966581562658391
        ],
        "quantile_forecast": {
          "10": -0.013197699632886247,
          "25": -0.006799457840932229,
          "50": 0.017987793750309667,
          "75": 0.04267250887471549,
          "90": 0.060322248726343085
        },
        "realised_forward_return": 0.03369061943290563,
        "runtime_seconds": 0.4032396249822341
      },
      {
        "match_forward_returns": [
          0.03530240764248993,
          0.015298086690711088,
          0.01716634084390467,
          -0.017054650231092094,
          -0.0016626512403695726,
          0.026787581866438703,
          0.03913364732120583,
          -0.016458895236477256,
          0.017553049727514036
        ],
        "quantile_forecast": {
          "10": -0.013714580271028943,
          "25": 0.00012288239482404623,
          "50": 0.02134470681110019,
          "75": 0.029273324634860563,
          "90": 0.03655762433878447
        },
        "realised_forward_return": -0.004027158922130347,
        "runtime_seconds": 0.39811362500768155
      },
      {
        "match_forward_returns": [
          0.02520869700046502,
          -0.022055847834884568,
          0.035573720859824354,
          0.06644866473818811,
          -0.0013143563560159555,
          0.025723120837297886,
          0.018794976191475632,
          -0.00046003951497308737,
          0.03913364732120583,
          0.022920815340209844
        ],
        "quantile_forecast": {
          "10": -0.01178212292928302,
          "25": -0.002423971558540069,
          "50": 0.02539917855809537,
          "75": 0.03606392368421628,
          "90": 0.057104189030640906
        },
        "realised_forward_return": 0.0013837467261219594,
        "runtime_seconds": 0.6643002500059083
      },
      {
        "match_forward_returns": [
          0.050702494705016976,
          0.013811056682995204,
          0.006136848377521931,
          0.02111869607755934,
          -0.011856719782644576,
          0.026441951267730968,
          -0.0016626512403695726
        ],
        "quantile_forecast": {
          "10": -0.004832139397308781,
          "25": 0.003731491493239733,
          "50": 0.021611033959953552,
          "75": 0.03702111684319362,
          "90": 0.047123748045522426
        },
        "realised_forward_return": 0.004281069016604855,
        "runtime_seconds": 0.16879254201194271
      },
      {
        "match_forward_returns": [
          0.03468942330471947,
          0.010411185597859918,
          0.020657138347327075,
          0.021768011775275653,
          0.04727791227631828,
          0.025555830476122976,
          0.0024221087513041084,
          0.021079793761428656,
          0.0500023885108285
        ],
        "quantile_forecast": {
          "10": 0.005745697133896887,
          "25": 0.01754081226579421,
          "50": 0.0227173972154961,
          "75": 0.032182963966229064,
          "90": 0.049383027968604616
        },
        "realised_forward_return": 0.09676707881375735,
        "runtime_seconds": 0.5849915420112666
      }
    ]
  }
}