{
  "metadata": {
    "timestamp": "2026-04-15T20:59:00Z",
    "git_sha": "9ac8fec",
    "benchmark_id": "retrieval-bench-tiers-v1"
  },
  "result": {
    "slice_id": "spy-rate-hike-2022_seed314",
    "arm_id": "tier1_only",
    "arm_label": "Tier 1 only (SAX+MASS \u2192 DTW + Pearson)",
    "n_trials": 24,
    "forward_return_correlation": 0.40166632651467976,
    "crps": 0.053542470084671695,
    "calibration_error_p10_p90": 0.2583333333333334,
    "hit_rate": 0.20833333333333334,
    "runtime_seconds": {
      "median": 0.0984505209926283,
      "mean": 0.09925845324930076,
      "p95": 0.10657350184919778,
      "n": 24
    },
    "trials": [
      {
        "match_forward_returns": [
          -0.044470617115011435,
          -0.05388421284872702,
          0.043719531932006506,
          0.028259857224470553,
          0.005735865604866719,
          0.032768834751764286,
          -0.020596321927274674,
          -0.06561219555646047
        ],
        "quantile_forecast": {
          "10": -0.08651573704953144,
          "25": -0.06477830514281827,
          "50": -0.005866247190546142,
          "75": 0.02685466281189761,
          "90": 0.05863619406287102
        },
        "realised_forward_return": 0.12498768779730351,
        "runtime_seconds": 0.09656900001573376
      },
      {
        "match_forward_returns": [
          -0.09524577766574238,
          -0.06449268687116805,
          0.030971671961071312,
          0.026320343787857636,
          0.017360019560585416,
          -0.04328068506184579
        ],
        "quantile_forecast": {
          "10": -0.08576554843360527,
          "25": -0.04628583610436779,
          "50": -0.01854947486329612,
          "75": 0.010648470496311622,
          "90": 0.010684947454562584
        },
        "realised_forward_return": 0.07930666335268999,
        "runtime_seconds": 0.09337670900276862
      },
      {
        "match_forward_returns": [
          -0.033118250899879964,
          -0.10209550862066807,
          -0.027043596244644585,
          0.004028194971338328,
          -0.046325127857151815,
          0.041698696065277874,
          -0.0391444519295544,
          -0.07894154174403567
        ],
        "quantile_forecast": {
          "10": -0.09077618841530513,
          "25": -0.06496667299091266,
          "50": -0.02819180595229404,
          "75": 0.003095264007462512,
          "90": 0.033417102968329455
        },
        "realised_forward_return": 0.06493829159420139,
        "runtime_seconds": 0.09428249998018146
      },
      {
        "match_forward_returns": [
          -0.11620918725161689,
          -0.07315748897642982,
          0.020602413116268314,
          -0.01687171700370771,
          0.03786595494240341,
          -0.02603276072777916,
          -0.027043596244644585,
          0.016151366924619825
        ],
        "quantile_forecast": {
          "10": -0.08186006348879148,
          "25": -0.050566370262321886,
          "50": -0.019082043009818993,
          "75": 0.011651290818061506,
          "90": 0.042659080682700995
        },
        "realised_forward_return": 0.10632961928941143,
        "runtime_seconds": 0.09315208299085498
      },
      {
        "match_forward_returns": [
          -0.11396505579962635,
          -0.015445754830820668,
          -0.07335103655690156,
          -0.06730586113743076,
          0.016151366924619825,
          0.030297198858515895,
          -0.020596321927274674,
          0.04744448942263002
        ],
        "quantile_forecast": {
          "10": -0.12666976525698845,
          "25": -0.07443746902297352,
          "50": -0.007417721074742125,
          "75": 0.012092324728563723,
          "90": 0.026896282830555472
        },
        "realised_forward_return": 0.11485561178922299,
        "runtime_seconds": 0.09250520900241099
      },
      {
        "match_forward_returns": [
          -0.07330150918553047,
          -0.10671259077504558,
          -0.030263705138801944,
          -0.07387283962380353,
          0.04744448942263002,
          0.036586652598258995,
          0.07248697631439138,
          -0.0391444519295544
        ],
        "quantile_forecast": {
          "10": -0.09761650286075091,
          "25": -0.05942958795497365,
          "50": -0.015044159097410543,
          "75": 0.015489075089642817,
          "90": 0.04980143371570368
        },
        "realised_forward_return": 0.08715184932985665,
        "runtime_seconds": 0.09254645800683647
      },
      {
        "match_forward_returns": [
          -0.05393987262884714,
          -0.008161955261768772,
          -0.06561219555646047,
          -0.027043596244644585,
          -0.03321373751071188,
          -0.0391444519295544,
          0.030297198858515895,
          0.043719531932006506
        ],
        "quantile_forecast": {
          "10": -0.08327388061718045,
          "25": -0.06407576296577686,
          "50": -0.01683432408209387,
          "75": 0.006958249475895887,
          "90": 0.059016115698824104
        },
        "realised_forward_return": 0.05468899547699402,
        "runtime_seconds": 0.09418575000017881
      },
      {
        "match_forward_returns": [
          -0.07315748897642982,
          -0.017658720768191194,
          -0.04328068506184579,
          -0.057829148886038295,
          -0.08141894634304736,
          0.032768834751764286,
          -0.027043596244644585,
          0.036586652598258995
        ],
        "quantile_forecast": {
          "10": -0.06620575401647459,
          "25": -0.05939559300583738,
          "50": -0.027999644680353358,
          "75": 0.0024007796183230633,
          "90": 0.023922169012178765
        },
        "realised_forward_return": 0.02314508271291915,
        "runtime_seconds": 0.09852670898544602
      },
      {
        "match_forward_returns": [
          -0.06730586113743076,
          -0.04790899224846168,
          -0.033237386340056685,
          -0.0913469860664573,
          -0.07315748897642982,
          -0.046325127857151815,
          0.017360019560585416,
          -0.027043596244644585
        ],
        "quantile_forecast": {
          "10": -0.08117680528349298,
          "25": -0.06535796720456483,
          "50": -0.04312869814009258,
          "75": -0.02221641841282114,
          "90": -0.001591872288288665
        },
        "realised_forward_return": 0.029162496915061897,
        "runtime_seconds": 0.09837433299981058
      },
      {
        "match_forward_returns": [
          -0.07387283962380353,
          -0.07894154174403567,
          -0.12664517030935962,
          -0.0014540264014977211,
          -0.02603276072777916,
          -0.06730586113743076,
          0.017360019560585416,
          0.03081942161431228
        ],
        "quantile_forecast": {
          "10": -0.10466594323140985,
          "25": -0.06532111716838365,
          "50": -0.046940767423616046,
          "75": 0.0007861235019154208,
          "90": 0.017364615707987367
        },
        "realised_forward_return": 0.042793885886606375,
        "runtime_seconds": 0.0974445839819964
      },
      {
        "match_forward_returns": [
          -0.03321373751071188,
          -0.07861017772559808,
          -0.011555909520351682,
          -0.13532541029994338,
          -0.028500239279249384,
          -0.07387283962380353,
          0.03081942161431228,
          -0.020596321927274674
        ],
        "quantile_forecast": {
          "10": -0.11248981296833703,
          "25": -0.07353989908757429,
          "50": -0.040549421245973646,
          "75": -0.002287468310039038,
          "90": 0.016366786504851405
        },
        "realised_forward_return": 0.010948535756517108,