{
  "metadata": {
    "timestamp": "2026-04-15T21:00:46Z",
    "git_sha": "9ac8fec",
    "benchmark_id": "retrieval-bench-tiers-v1"
  },
  "result": {
    "slice_id": "spy-rate-hike-2022_seed314",
    "arm_id": "tier1_plus_full",
    "arm_label": "Tier 1 + Tier 2 (current default \u2014 9 methods)",
    "n_trials": 24,
    "forward_return_correlation": 0.4321955485632865,
    "crps": 0.04784954794376207,
    "calibration_error_p10_p90": 0.30000000000000004,
    "hit_rate": 0.3333333333333333,
    "runtime_seconds": {
      "median": 4.1717199995036935,
      "mean": 4.436925286496262,
      "p95": 6.304321906287802,
      "n": 24
    },
    "trials": [
      {
        "match_forward_returns": [
          0.028259857224470553,
          -0.04790899224846168,
          -0.020596321927274674,
          -0.06561219555646047,
          0.043719531932006506,
          -0.0391444519295544,
          -0.05388421284872702,
          0.026320343787857636
        ],
        "quantile_forecast": {
          "10": -0.08613750325949492,
          "25": -0.05225998076731486,
          "50": -0.007731902655242305,
          "75": 0.018729491912122198,
          "90": 0.05790291893883079
        },
        "realised_forward_return": 0.12498768779730351,
        "runtime_seconds": 4.063576792017557
      },
      {
        "match_forward_returns": [
          0.004028194971338328,
          -0.04328068506184579,
          -0.04790899224846168,
          -0.0391444519295544,
          0.032768834751764286,
          -0.020596321927274674
        ],
        "quantile_forecast": {
          "10": -0.0393375859104855,
          "25": -0.02906504691022317,
          "50": -0.0076671609284228,
          "75": 0.022615566875711694,
          "90": 0.027395560571610817
        },
        "realised_forward_return": 0.07930666335268999,
        "runtime_seconds": 4.1261796669859905
      },
      {
        "match_forward_returns": [
          0.005735865604866719,
          0.020602413116268314,
          -0.10209550862066807,
          -0.008161955261768772,
          0.03081942161431228,
          0.004028194971338328,
          -0.07861017772559808
        ],
        "quantile_forecast": {
          "10": -0.09499228574093761,
          "25": -0.06291898370143441,
          "50": -0.012054142712697566,
          "75": 0.02012658970511246,
          "90": 0.023078095413689773
        },
        "realised_forward_return": 0.06493829159420139,
        "runtime_seconds": 3.721613833011361
      },
      {
        "match_forward_returns": [
          0.016151366924619825,
          0.03081942161431228,
          0.017360019560585416,
          -0.02603276072777916,
          -0.01687171700370771
        ],
        "quantile_forecast": {
          "10": -0.03630011198193665,
          "25": -0.025454618439401038,
          "50": 0.004757281308743355,
          "75": 0.012541704551244107,
          "90": 0.02325813485826061
        },
        "realised_forward_return": 0.10632961928941143,
        "runtime_seconds": 3.479253041994525
      },
      {
        "match_forward_returns": [
          -0.015445754830820668,
          -0.07335103655690156,
          0.04744448942263002,
          -0.020596321927274674,
          0.036586652598258995,
          0.017360019560585416,
          0.016151366924619825
        ],
        "quantile_forecast": {
          "10": -0.06944351654435449,
          "25": -0.012133927516500389,
          "50": 0.00415941756248946,
          "75": 0.012851883605252235,
          "90": 0.016179776532467136
        },
        "realised_forward_return": 0.11485561178922299,
        "runtime_seconds": 4.965394541999558
      },
      {
        "match_forward_returns": [
          -0.020596321927274674,
          0.036586652598258995,
          0.07248697631439138,
          0.03081942161431228,
          0.04744448942263002,
          -0.07387283962380353,
          -0.10671259077504558
        ],
        "quantile_forecast": {
          "10": -0.0996553810652053,
          "25": -0.04041825367255677,
          "50": 0.014537195307916343,
          "75": 0.021790153252250255,
          "90": 0.05685606578579319
        },
        "realised_forward_return": 0.08715184932985665,
        "runtime_seconds": 4.767896790988743
      },
      {
        "match_forward_returns": [
          0.043719531932006506,
          0.07248697631439138,
          0.030297198858515895,
          -0.03321373751071188,
          0.04629394968489686,
          -0.027043596244644585,
          -0.05393987262884714
        ],
        "quantile_forecast": {
          "10": -0.07476463553256465,
          "25": -0.03550930779664578,
          "50": 0.03245072338843008,
          "75": 0.06088219413064252,
          "90": 0.07057901503114239
        },
        "realised_forward_return": 0.05468899547699402,
        "runtime_seconds": 4.475878583005397
      },
      {
        "match_forward_returns": [
          0.043719531932006506,
          0.026320343787857636,
          -0.008161955261768772,
          -0.0391444519295544,
          0.032768834751764286,
          -0.07315748897642982,
          0.036586652598258995,
          -0.03321373751071188,
          -0.08141894634304736
        ],
        "quantile_forecast": {
          "10": -0.06543265563345037,
          "25": -0.04717957920437098,
          "50": -0.012025621519765498,
          "75": 0.018780358174406347,
          "90": 0.057474534678045835
        },
        "realised_forward_return": 0.02314508271291915,
        "runtime_seconds": 4.091888416995062
      },
      {
        "match_forward_returns": [
          0.04629394968489686,
          -0.046325127857151815,
          0.032768834751764286,
          0.07224878600081963,
          -0.07387283962380353,
          -0.033237386340056685,
          -0.07315748897642982
        ],
        "quantile_forecast": {
          "10": -0.06302245727318903,
          "25": -0.0588358245319609,
          "50": -0.03321994682900432,
          "75": 0.03701157357526124,
          "90": 0.05052653649401045
        },
        "realised_forward_return": 0.029162496915061897,
        "runtime_seconds": 4.3736399589979555
      },
      {
        "match_forward_returns": [
          -0.02603276072777916,
          -0.12664517030935962,
          0.06668943811452421,
          -0.03321373751071188,
          -0.07387283962380353,
          -0.046325127857151815,
          -0.0014540264014977211,
          0.03081942161431228
        ],
        "quantile_forecast": {
          "10": -0.10402673404157975,
          "25": -0.05471541203895234,
          "50": -0.03690492489563372,
          "75": 0.010186075918452298,
          "90": 0.045851539472665695
        },
        "realised_forward_return": 0.042793885886606375,
        "runtime_seconds": 4.168311040994013
      },
      {
        "match_forward_returns": [
          0.02836443037701919,
          -0.07387283962380353,
          -0.011555909520351682,
          -0.020596321927274674,
          0.03081942161431228,
          -0.13532541029994338
        ],
        "quantile_forecast": {
          "10": -0.11538144602357525,
          "25": -0.06059410864524445,
          "50": -0.012787660447726532,
          "75": 0.02772971011201558,
          "90": 0.05103678122893909
        },
        "realised_forward_return": 0.010948535756517108,
        "runtime_seconds": 3.7438437080127187
      },
      {
        "match_forward_returns": [
          -0.08141894634304736,
          -0.14377411610352098,
          0.019199686929577853,
          0.028259857224470553,
          -0.07335103655690156,
          -0.0391444519295544,
          -0.07387283962380353
        ],
        "quantile_forecast": {
          "10": -0.1369220934381132,
          "25": -0.07796076589801285,
          "50": -0.06321223083628003,
          "75": -0.012142826873383002,
          "90": 0.018510285420450055
        },