{
  "metadata": {
    "timestamp": "2026-04-15T05:34:28Z",
    "git_sha": "0c7ebdc",
    "benchmark_id": "retrieval-bench-tiers-v1"
  },
  "result": {
    "slice_id": "spy-rate-hike-2022",
    "arm_id": "tier1_plus_full",
    "arm_label": "Tier 1 + Tier 2 (current default \u2014 9 methods)",
    "n_trials": 8,
    "forward_return_correlation": 0.720550285988052,
    "crps": 0.03469925601939954,
    "calibration_error_p10_p90": 0.17500000000000004,
    "hit_rate": 0.125,
    "runtime_seconds": {
      "median": 6.457724520500051,
      "mean": 6.4487368592454,
      "p95": 8.888171931232499,
      "n": 8
    },
    "trials": [
      {
        "match_forward_returns": [
          0.005735865604866719,
          0.020602413116268314,
          -0.10209550862066807,
          -0.008161955261768772,
          0.03081942161431228,
          0.004028194971338328,
          -0.07861017772559808
        ],
        "quantile_forecast": {
          "10": -0.09499228574093761,
          "25": -0.06291898370143441,
          "50": -0.012054142712697566,
          "75": 0.02012658970511246,
          "90": 0.023078095413689773
        },
        "realised_forward_return": 0.06493829159420139,
        "runtime_seconds": 5.436018374981359
      },
      {
        "match_forward_returns": [
          0.10700203678438158,
          -0.113038623817444,
          -0.0913469860664573,
          0.02836443037701919,
          -0.0946947058251214,
          0.019199686929577853,
          -0.13215744159732523
        ],
        "quantile_forecast": {
          "10": -0.1239105103908528,
          "25": -0.10930781792392731,
          "50": -0.08486359946330266,
          "75": 0.039486419147419474,
          "90": 0.09624008232850417
        },
        "realised_forward_return": 0.0370770368278075,
        "runtime_seconds": 9.913497499976074
      },
      {
        "match_forward_returns": [
          0.07549306485476692,
          -0.0946947058251214,
          -0.13532541029994338,
          -0.015445754830820668,
          -0.011555909520351682,
          0.016151366924619825
        ],
        "quantile_forecast": {
          "10": -0.12287190214017417,
          "25": -0.10643966327154819,
          "50": -0.025259800997812686,
          "75": 0.008861094181486754,
          "90": 0.08341361848386404
        },
        "realised_forward_return": 0.02306644092992527,
        "runtime_seconds": 6.732035082997754
      },
      {
        "match_forward_returns": [
          0.02836443037701919,
          -0.07387283962380353,
          -0.011555909520351682,
          -0.020596321927274674,
          0.03081942161431228,
          -0.13532541029994338
        ],
        "quantile_forecast": {
          "10": -0.11538144602357525,
          "25": -0.06059410864524445,
          "50": -0.012787660447726532,
          "75": 0.02772971011201558,
          "90": 0.05103678122893909
        },
        "realised_forward_return": 0.010948535756517108,
        "runtime_seconds": 4.712210750003578
      },
      {
        "match_forward_returns": [
          0.02836443037701919,
          -0.07387283962380353,
          -0.011555909520351682,
          -0.020596321927274674,
          0.03081942161431228,
          -0.13532541029994338
        ],
        "quantile_forecast": {
          "10": -0.11538144602357525,
          "25": -0.06059410864524445,
          "50": -0.012787660447726532,
          "75": 0.02772971011201558,
          "90": 0.05103678122893909
        },
        "realised_forward_return": 0.010948535756517108,
        "runtime_seconds": 4.896688250009902
      },
      {
        "match_forward_returns": [
          0.05995791584769683,
          -0.13532541029994338,
          -0.06561219555646047,
          -0.0946947058251214,
          -0.07894154174403567,
          -0.12414570772454048,
          -0.008161955261768772
        ],
        "quantile_forecast": {
          "10": -0.12312087648671902,
          "25": -0.11414565672757514,
          "50": -0.08099815923809811,
          "75": -0.024971916031851282,
          "90": 0.0743835119507328
        },
        "realised_forward_return": -0.034733415833862025,
        "runtime_seconds": 6.480284082994331
      },
      {
        "match_forward_returns": [
          0.005735865604866719,
          0.020602413116268314,
          -0.10209550862066807,
          -0.008161955261768772,
          0.03081942161431228,
          0.004028194971338328,
          -0.07861017772559808
        ],
        "quantile_forecast": {
          "10": -0.09499228574093761,
          "25": -0.06291898370143441,
          "50": -0.012054142712697566,
          "75": 0.02012658970511246,
          "90": 0.023078095413689773
        },
        "realised_forward_return": 0.06493829159420139,
        "runtime_seconds": 6.435164958005771
      },
      {
        "match_forward_returns": [
          -0.0946947058251214,
          -0.12241703266747317,
          -0.02603276072777916,
          -0.113038623817444,
          -0.14377411610352098,
          -0.03321373751071188,
          -0.07897413969311584,
          -0.030263705138801944
        ],
        "quantile_forecast": {
          "10": -0.14345154080411357,
          "25": -0.12069765832318219,
          "50": -0.09640555864160157,
          "75": -0.04215710473144564,
          "90": -0.02102605153759341
        },
        "realised_forward_return": 0.0047828363255602024,
        "runtime_seconds": 6.983995874994434
      }
    ]
  }
}