{
  "metadata": {
    "timestamp": "2026-04-15T05:33:35Z",
    "git_sha": "0c7ebdc",
    "benchmark_id": "retrieval-bench-tiers-v1"
  },
  "result": {
    "slice_id": "spy-covid-2020",
    "arm_id": "tier1_plus_full",
    "arm_label": "Tier 1 + Tier 2 (current default \u2014 9 methods)",
    "n_trials": 8,
    "forward_return_correlation": -0.34903688435886726,
    "crps": 0.027722592537826617,
    "calibration_error_p10_p90": 0.050000000000000044,
    "hit_rate": 0.75,
    "runtime_seconds": {
      "median": 7.949754187997314,
      "mean": 9.842007046881918,
      "p95": 17.886857297808454,
      "n": 8
    },
    "trials": [
      {
        "match_forward_returns": [
          0.04549706973493195,
          -0.046662465813079645,
          0.052514218881508645,
          0.03654508647938348,
          0.046842660141250825,
          0.04402279913043139,
          0.048178889946573156,
          0.030447474788715123,
          0.027296332470078122,
          0.04720418940392013
        ],
        "quantile_forecast": {
          "10": -0.00603500229055777,
          "25": 0.034562626933752366,
          "50": 0.045336718538928136,
          "75": 0.04953158236261327,
          "90": 0.054095903553981355
        },
        "realised_forward_return": 0.034905906124374386,
        "runtime_seconds": 19.34744712500833
      },
      {
        "match_forward_returns": [
          -0.24035223194876165,
          0.012610532735113589,
          -0.15233387293135503,
          -0.055472778532509426,
          -0.046662465813079645,
          0.02123762964724052,
          0.012916056972817946,
          0.0003783193888688974
        ],
        "quantile_forecast": {
          "10": -0.2330879748689909,
          "25": -0.1361301465620944,
          "50": -0.02662205065634328,
          "75": 0.016949509758300858,
          "90": 0.028135966867947948
        },
        "realised_forward_return": 0.05832436019432086,
        "runtime_seconds": 8.21009879198391
      },
      {
        "match_forward_returns": [
          -0.27048727986239074,
          -0.10292382922569099,
          -0.07182715696093855,
          -0.010085072033856113,
          0.27192068316688367,
          0.15175248206549674,
          0.21489268861028266,
          0.04415704325732328,
          0.02123762964724052,
          0.050740374440656044
        ],
        "quantile_forecast": {
          "10": -0.1981383348045796,
          "25": -0.06911031001625725,
          "50": 0.034930177307714076,
          "75": 0.16701043744767424,
          "90": 0.22835106112727638
        },
        "realised_forward_return": 0.0016841747386380224,
        "runtime_seconds": 8.649637833004817
      },
      {
        "match_forward_returns": [
          0.043216146983482195,
          0.03490857858266283,
          0.048178889946573156,
          0.026589907283512737,
          0.042931915206058546,
          0.04402279913043139,
          0.020891092716438298
        ],
        "quantile_forecast": {
          "10": 0.026633495861954723,
          "25": 0.030499958847168582,
          "50": 0.042305171546100015,
          "75": 0.0474687484055332,
          "90": 0.04935503702029911
        },
        "realised_forward_return": 0.02021791494287717,
        "runtime_seconds": 7.689409584010718
      },
      {
        "match_forward_returns": [
          0.03877186822415357,
          0.04823030557891772,
          0.063774772034219,
          0.06431240126086601,
          0.03405721230935943,
          0.048178889946573156,
          0.01691671769748937
        ],
        "quantile_forecast": {
          "10": 0.01659047745446126,
          "25": 0.03436941196864099,
          "50": 0.04623486137844238,
          "75": 0.05653898769026278,
          "90": 0.07006095418622149
        },
        "realised_forward_return": 0.0306840230235621,
        "runtime_seconds": 6.229461333015934
      },
      {
        "match_forward_returns": [
          0.014863805888925885,
          0.012610532735113589,
          0.034872827853828836,
          0.09273400350056527,
          0.03662429260405342,
          0.002216611160691606,
          0.12837805896534893,
          0.07178002442612241
        ],
        "quantile_forecast": {
          "10": 0.005720384584038223,
          "25": 0.014924109702735283,
          "50": 0.029564882719683796,
          "75": 0.06521130834934408,
          "90": 0.08587686201731573
        },
        "realised_forward_return": 0.06404867872905418,
        "runtime_seconds": 6.255315875023371
      },
      {
        "match_forward_returns": [
          0.04549706973493195,
          -0.046662465813079645,
          0.052514218881508645,
          0.03654508647938348,
          0.046842660141250825,
          0.04402279913043139,
          0.048178889946573156,
          0.030447474788715123,
          0.027296332470078122,
          0.04720418940392013
        ],
        "quantile_forecast": {
          "10": -0.00603500229055777,
          "25": 0.034562626933752366,
          "50": 0.045336718538928136,
          "75": 0.04953158236261327,
          "90": 0.054095903553981355
        },
        "realised_forward_return": 0.034905906124374386,
        "runtime_seconds": 15.17433333300869
      },
      {
        "match_forward_returns": [
          0.131624581425545,
          -0.27048727986239074,
          -0.26514937450229914,
          0.04549706973493195,
          0.15396369285359568,
          0.023327351961035747,
          0.11210983141378739,
          -0.21836835019647782,
          -0.10470423603572976
        ],
        "quantile_forecast": {
          "10": -0.26889243484310865,
          "25": -0.2370684440371299,
          "50": -0.02052285401510852,
          "75": 0.10570342739254487,
          "90": 0.14776217349139842
        },
        "realised_forward_return": 0.04148525751009102,
        "runtime_seconds": 7.180352499999572
      }
    ]
  }
}