{
  "metadata": {
    "timestamp": "2026-04-15T05:33:36Z",
    "git_sha": "0c7ebdc",
    "benchmark_id": "retrieval-bench-tiers-v1"
  },
  "result": {
    "slice_id": "spy-rate-hike-2022",
    "arm_id": "tier1_only",
    "arm_label": "Tier 1 only (SAX+MASS \u2192 DTW + Pearson)",
    "n_trials": 8,
    "forward_return_correlation": 0.6593669565769661,
    "crps": 0.04012316971468954,
    "calibration_error_p10_p90": 0.050000000000000044,
    "hit_rate": 0.125,
    "runtime_seconds": {
      "median": 0.11885004099167418,
      "mean": 0.11736080187620246,
      "p95": 0.12562258926191133,
      "n": 8
    },
    "trials": [
      {
        "match_forward_returns": [
          -0.033118250899879964,
          -0.10209550862066807,
          -0.027043596244644585,
          0.004028194971338328,
          -0.046325127857151815,
          0.041698696065277874,
          -0.0391444519295544,
          -0.07894154174403567
        ],
        "quantile_forecast": {
          "10": -0.09077618841530513,
          "25": -0.06496667299091266,
          "50": -0.02819180595229404,
          "75": 0.003095264007462512,
          "90": 0.033417102968329455
        },
        "realised_forward_return": 0.06493829159420139,
        "runtime_seconds": 0.10355195900774561
      },
      {
        "match_forward_returns": [
          -0.017658720768191194,
          0.019199686929577853,
          -0.1294508731916959,
          -0.12414570772454048,
          -0.113038623817444,
          0.10700203678438158
        ],
        "quantile_forecast": {
          "10": -0.1302398156164987,
          "25": -0.11660880145386976,
          "50": -0.05934257610873172,
          "75": -0.008991535268368794,
          "90": 0.09266216577031251
        },
        "realised_forward_return": 0.0370770368278075,
        "runtime_seconds": 0.12174791700090282
      },
      {
        "match_forward_returns": [
          -0.015445754830820668,
          -0.046325127857151815,
          -0.0946947058251214,
          -0.13532541029994338,
          -0.14377411610352098,
          0.12851822194612494,
          -0.12414570772454048
        ],
        "quantile_forecast": {
          "10": -0.14401071553079875,
          "25": -0.12248960515220093,
          "50": -0.10368270828901474,
          "75": -0.020358265535358883,
          "90": 0.06954271174458783
        },
        "realised_forward_return": 0.02306644092992527,
        "runtime_seconds": 0.11661904098582454
      },
      {
        "match_forward_returns": [
          -0.03321373751071188,
          -0.07861017772559808,
          -0.011555909520351682,
          -0.13532541029994338,
          -0.028500239279249384,
          -0.07387283962380353,
          0.03081942161431228,
          -0.020596321927274674
        ],
        "quantile_forecast": {
          "10": -0.11248981296833703,
          "25": -0.07353989908757429,
          "50": -0.040549421245973646,
          "75": -0.002287468310039038,
          "90": 0.016366786504851405
        },
        "realised_forward_return": 0.010948535756517108,
        "runtime_seconds": 0.12108104099752381
      },
      {
        "match_forward_returns": [
          -0.03321373751071188,
          -0.07861017772559808,
          -0.011555909520351682,
          -0.13532541029994338,
          -0.028500239279249384,
          -0.07387283962380353,
          0.03081942161431228,
          -0.020596321927274674
        ],
        "quantile_forecast": {
          "10": -0.11248981296833703,
          "25": -0.07353989908757429,
          "50": -0.040549421245973646,
          "75": -0.002287468310039038,
          "90": 0.016366786504851405
        },
        "realised_forward_return": 0.010948535756517108,
        "runtime_seconds": 0.11322649999056011
      },
      {
        "match_forward_returns": [
          -0.07894154174403567,
          -0.0946947058251214,
          -0.0391444519295544,
          0.05995791584769683,
          -0.11396505579962635
        ],
        "quantile_forecast": {
          "10": -0.14514639273171215,
          "25": -0.11537087628476189,
          "50": -0.0562898238890266,
          "75": 0.008827234523969541,
          "90": 0.09315543928348122
        },
        "realised_forward_return": -0.034733415833862025,
        "runtime_seconds": 0.12268158301594667
      },
      {
        "match_forward_returns": [
          -0.033118250899879964,
          -0.10209550862066807,
          -0.027043596244644585,
          0.004028194971338328,
          -0.046325127857151815,
          0.041698696065277874,
          -0.0391444519295544,
          -0.07894154174403567
        ],
        "quantile_forecast": {
          "10": -0.09077618841530513,
          "25": -0.06496667299091266,
          "50": -0.02819180595229404,
          "75": 0.003095264007462512,
          "90": 0.033417102968329455
        },
        "realised_forward_return": 0.06493829159420139,
        "runtime_seconds": 0.11277216600137763
      },
      {
        "match_forward_returns": [
          -0.02603276072777916,
          -0.030263705138801944,
          -0.12241703266747317,
          -0.14377411610352098,
          -0.13130310664473577,
          -0.0946947058251214,
          0.12275329062417373
        ],
        "quantile_forecast": {
          "10": -0.14817320019999178,
          "25": -0.1411910609574774,
          "50": -0.10481779527193966,
          "75": -0.01831467502724581,
          "90": 0.09642458960559744
        },
        "realised_forward_return": 0.0047828363255602024,
        "runtime_seconds": 0.12720620800973848
      }
    ]
  }
}