{
  "metadata": {
    "timestamp": "2026-04-15T05:32:17Z",
    "git_sha": "0c7ebdc",
    "benchmark_id": "retrieval-bench-tiers-v1"
  },
  "result": {
    "slice_id": "spy-covid-2020",
    "arm_id": "tier1_only",
    "arm_label": "Tier 1 only (SAX+MASS \u2192 DTW + Pearson)",
    "n_trials": 8,
    "forward_return_correlation": -0.2828375441085836,
    "crps": 0.02354402384100901,
    "calibration_error_p10_p90": 0.050000000000000044,
    "hit_rate": 0.875,
    "runtime_seconds": {
      "median": 0.1728719170059776,
      "mean": 0.1670507501294196,
      "p95": 0.20515249836462315,
      "n": 8
    },
    "trials": [
      {
        "match_forward_returns": [
          0.03521766956117012,
          0.046842660141250825,
          0.05479517034777426,
          0.034051708681464454,
          0.027296332470078122,
          0.014910961131891387,
          0.04720418940392013,
          0.04402279913043139,
          0.030447474788715123,
          0.048178889946573156
        ],
        "quantile_forecast": {
          "10": 0.024972778208148867,
          "25": 0.031852245441948875,
          "50": 0.03940874715745148,
          "75": 0.0496201895537285,
          "90": 0.054137244136033186
        },
        "realised_forward_return": 0.034905906124374386,
        "runtime_seconds": 0.11891679200925864
      },
      {
        "match_forward_returns": [
          0.11783300721837642,
          0.13143148686775308,
          0.06173868011618211,
          0.09273400350056527,
          0.008744443100649146,
          0.012916056972817946,
          0.0003783193888688974,
          -0.24497748722139434
        ],
        "quantile_forecast": {
          "10": -0.16693146687690819,
          "25": 0.008549827383853613,
          "50": 0.021684391607408284,
          "75": 0.08021921127807577,
          "90": 0.13543879945526505
        },
        "realised_forward_return": 0.05832436019432086,
        "runtime_seconds": 0.20768508402397856
      },
      {
        "match_forward_returns": [
          0.27192068316688367,
          0.20386602007443333,
          0.15175248206549674,
          -0.04921908221439031,
          0.038553244561828404,
          0.04549706973493195,
          -0.04870062284194343,
          0.04415704325732328,
          -0.27900264258759055
        ],
        "quantile_forecast": {
          "10": -0.1913504767969243,
          "25": -0.05647511016014975,
          "50": 0.042746904458164287,
          "75": 0.09919386444530284,
          "90": 0.21219569383746395
        },
        "realised_forward_return": 0.0016841747386380224,
        "runtime_seconds": 0.1858102090191096
      },
      {
        "match_forward_returns": [
          0.04838677145872983,
          0.043216146983482195,
          0.042931915206058546,
          0.08132305396667494,
          0.048178889946573156,
          0.054242583879816175,
          0.051614976580623306,
          0.04041676207923062,
          0.05586237453468379
        ],
        "quantile_forecast": {
          "10": 0.0406468810167961,
          "25": 0.04651579072878729,
          "50": 0.04964171239404973,
          "75": 0.05900286710605242,
          "90": 0.06529294395276947
        },
        "realised_forward_return": 0.02021791494287717,
        "runtime_seconds": 0.15993362499284558
      },
      {
        "match_forward_returns": [
          0.04415704325732328,
          0.03405721230935943,
          0.063774772034219,
          0.04823030557891772,
          0.04989500416817627,
          0.06431240126086601,
          0.052514218881508645,
          0.04856541923521318,
          0.042931915206058546
        ],
        "quantile_forecast": {
          "10": 0.03439526471136452,
          "25": 0.04282705402121813,
          "50": 0.0464574201088995,
          "75": 0.052834017349603156,
          "90": 0.06742977912121499
        },
        "realised_forward_return": 0.0306840230235621,
        "runtime_seconds": 0.14682258298853412
      },
      {
        "match_forward_returns": [
          0.02123762964724052,
          0.014863805888925885,
          0.03662429260405342,
          0.08282789201573415,
          0.09273400350056527,
          0.026589907283512737,
          0.034872827853828836,
          0.03405721230935943
        ],
        "quantile_forecast": {
          "10": 0.017918296079621702,
          "25": 0.02579539367348675,
          "50": 0.032359823879980536,
          "75": 0.053559993206367854,
          "90": 0.08092209598670637
        },
        "realised_forward_return": 0.06404867872905418,
        "runtime_seconds": 0.1973205000103917
      },
      {
        "match_forward_returns": [
          0.03521766956117012,
          0.046842660141250825,
          0.05479517034777426,
          0.034051708681464454,
          0.027296332470078122,
          0.014910961131891387,
          0.04720418940392013,
          0.04402279913043139,
          0.030447474788715123,
          0.048178889946573156
        ],
        "quantile_forecast": {
          "10": 0.024972778208148867,
          "25": 0.031852245441948875,
          "50": 0.03940874715745148,
          "75": 0.0496201895537285,
          "90": 0.054137244136033186
        },
        "realised_forward_return": 0.034905906124374386,
        "runtime_seconds": 0.11946808299398981
      },
      {
        "match_forward_returns": [
          0.131624581425545,
          0.11210983141378739,
          0.023327351961035747,
          0.17707222770284314,
          -0.22051955305469328,
          0.010463070842757105,
          -0.26514937450229914,
          -0.08821985003701771,
          -0.10470423603572976
        ],
        "quantile_forecast": {
          "10": -0.24901997468112896,
          "25": -0.12540341115407166,
          "50": -0.024789563632217907,
          "75": 0.11341073047671674,
          "90": 0.23498170184661965
        },
        "realised_forward_return": 0.04148525751009102,
        "runtime_seconds": 0.20044912499724887
      }
    ]
  }
}