{
  "calibration_error_over_time_p10_p90": 0.07833333333333334,
  "calibration_error_p10_p90": 0.06666666666666667,
  "crps": 0.14033333333333337,
  "dataset_path": "the-similarity-data/data/stocks/spy/1d.parquet",
  "hit_rate": 0.5333333333333333,
  "joint_path_crps": 0.19493333333333335,
  "mean_error": 0.07303679384784453,
  "n_skipped_trials": 0,
  "n_valid_trials": 15,
  "runtime_seconds": 114.97197466698708,
  "slice_id": "spy-1d",
  "synthetic": true,
  "variant": "change_aware_conformal"
}