{
  "calibration_error_over_time_p10_p90": 0.10500000000000004,
  "calibration_error_p10_p90": 0.13333333333333336,
  "crps": 0.17500000000000007,
  "dataset_path": "the-similarity-data/data/stocks/spy/1d.parquet",
  "hit_rate": 0.5333333333333333,
  "joint_path_crps": 0.17880000000000001,
  "mean_error": 0.06379905324639062,
  "n_skipped_trials": 0,
  "n_valid_trials": 15,
  "runtime_seconds": 100.86183420798625,
  "slice_id": "spy-covid-entry-2020",
  "synthetic": false,
  "variant": "change_aware_conformal"
}