{
  "calibration_error_over_time_p10_p90": 0.17666666666666672,
  "calibration_error_p10_p90": 0.2,
  "crps": 0.203,
  "dataset_path": "the-similarity-data/data/stocks/spy/1d.parquet",
  "hit_rate": 0.7333333333333333,
  "joint_path_crps": 0.20913333333333337,
  "mean_error": 0.04847104273833949,
  "n_skipped_trials": 0,
  "n_valid_trials": 15,
  "runtime_seconds": 111.6014086670184,
  "slice_id": "spy-covid-entry-2020",
  "synthetic": false,
  "variant": "baseline"
}