{
  "calibration_error_over_time_p10_p90": 0.1383333333333334,
  "calibration_error_p10_p90": 0.09999999999999999,
  "crps": 0.19633333333333333,
  "dataset_path": "the-similarity-data/data/crypto/btc_usdt/1d.parquet",
  "hit_rate": 0.6666666666666666,
  "joint_path_crps": 0.22140000000000004,
  "mean_error": 0.17025236915866682,
  "n_skipped_trials": 0,
  "n_valid_trials": 15,
  "runtime_seconds": 225.51829754200298,
  "slice_id": "btc-1d",
  "synthetic": false,
  "variant": "baseline"
}