{
  "calibration_error_over_time_p10_p90": 0.14166666666666666,
  "calibration_error_p10_p90": 0.03333333333333333,
  "crps": 0.15100000000000005,
  "dataset_path": "the-similarity-data/data/stocks/spy/1d.parquet",
  "hit_rate": 0.6,
  "joint_path_crps": 0.22846666666666673,
  "mean_error": 0.07134998665623983,
  "n_skipped_trials": 0,
  "n_valid_trials": 15,
  "runtime_seconds": 105.1589376660122,
  "slice_id": "spy-1d",
  "synthetic": true,
  "variant": "joint_path"
}