{
  "calibration_error_over_time_p10_p90": 0.09833333333333336,
  "calibration_error_p10_p90": 0.23333333333333334,
  "crps": 0.25233333333333335,
  "dataset_path": "the-similarity-data/data/stocks/spy/1d.parquet",
  "hit_rate": 0.3333333333333333,
  "joint_path_crps": 0.1862,
  "mean_error": 0.055486641337813905,
  "n_skipped_trials": 0,
  "n_valid_trials": 15,
  "runtime_seconds": 103.2641647499986,
  "slice_id": "spy-1d",
  "synthetic": false,
  "variant": "baseline"
}