{
  "calibration_error_over_time_p10_p90": 0.05833333333333334,
  "calibration_error_p10_p90": 0.03333333333333333,
  "crps": 0.13366666666666666,
  "dataset_path": "the-similarity-data/data/crypto/btc_usdt/1d.parquet",
  "hit_rate": 0.3333333333333333,
  "joint_path_crps": 0.15820000000000004,
  "mean_error": 0.12274081663861144,
  "n_skipped_trials": 0,
  "n_valid_trials": 15,
  "runtime_seconds": 225.77681466701324,
  "slice_id": "btc-1d",
  "synthetic": false,
  "variant": "baseline"
}