{
  "calibration_error_over_time_p10_p90": 0.10000000000000002,
  "calibration_error_p10_p90": 0.13333333333333336,
  "crps": 0.20966666666666672,
  "dataset_path": "the-similarity-data/data/stocks/spy/1d.parquet",
  "hit_rate": 0.7333333333333333,
  "joint_path_crps": 0.18860000000000005,
  "mean_error": 0.053201905500680276,
  "n_skipped_trials": 0,
  "n_valid_trials": 15,
  "runtime_seconds": 86.23988375000772,
  "slice_id": "spy-rate-hike-2022",
  "synthetic": false,
  "variant": "baseline"
}