{
  "calibration_error_over_time_p10_p90": 0.051666666666666666,
  "calibration_error_p10_p90": 0.033333333333333326,
  "crps": 0.16166666666666665,
  "dataset_path": "the-similarity-data/data/stocks/nvda/1d.parquet",
  "hit_rate": 0.4,
  "joint_path_crps": 0.16506666666666667,
  "mean_error": 0.16963448811364162,
  "n_skipped_trials": 0,
  "n_valid_trials": 15,
  "runtime_seconds": 267.34671141699073,
  "slice_id": "nvda-1d",
  "synthetic": false,
  "variant": "baseline"
}