{
  "calibration_error_over_time_p10_p90": 0.11166666666666666,
  "calibration_error_p10_p90": 0.1333333333333333,
  "crps": 0.21366666666666667,
  "dataset_path": "the-similarity-data/data/crypto/btc_usdt/1d.parquet",
  "hit_rate": 0.4666666666666667,
  "joint_path_crps": 0.20313333333333342,
  "mean_error": 0.07254868291107916,
  "n_skipped_trials": 0,
  "n_valid_trials": 15,
  "runtime_seconds": 94.2773720419791,
  "slice_id": "btc-1d",
  "synthetic": true,
  "variant": "regime_aware_widening"
}