{
  "calibration_error_over_time_p10_p90": 0.06666666666666665,
  "calibration_error_p10_p90": 0.06666666666666665,
  "crps": 0.14033333333333334,
  "dataset_path": "the-similarity-data/data/stocks/nvda/1d.parquet",
  "hit_rate": 0.4,
  "joint_path_crps": 0.14906666666666668,
  "mean_error": 0.16963448811364162,
  "n_skipped_trials": 0,
  "n_valid_trials": 15,
  "runtime_seconds": 205.78118666697992,
  "slice_id": "nvda-1d",
  "synthetic": false,
  "variant": "change_aware_conformal"
}