{
  "calibration_error_over_time_p10_p90": 0.05000000000000002,
  "calibration_error_p10_p90": 0.06666666666666667,
  "crps": 0.18833333333333335,
  "dataset_path": "the-similarity-data/data/crypto/btc_usdt/1d.parquet",
  "hit_rate": 0.4666666666666667,
  "joint_path_crps": 0.17053333333333331,
  "mean_error": 0.07254868291107916,
  "n_skipped_trials": 0,
  "n_valid_trials": 15,
  "runtime_seconds": 133.76766825001687,
  "slice_id": "btc-1d",
  "synthetic": true,
  "variant": "adaptive_conformal"
}